
{
   "bot_type": "replicator_b",
   "bounding_box": 
   {
      "x_max": 33.41000366210938,
      "x_min": -33.41000366210938,
      "y_max": 22.91000366210938,
      "y_min": -22.91000366210938,
      "z_max": 26.06999999999994,
      "z_min": 0.30
   },
   "build_plane_temperature": null,
   "chamber_temperature": null,
   "commanded_duration_s": 4926.60,
   "duration_s": 4926.60,
   "extruder_temperature": 215,
   "extruder_temperatures": [ 215 ],
   "extrusion_distance_mm": 4732.299408950843,
   "extrusion_distances_mm": [ 4732.299408950843 ],
   "extrusion_mass_g": 14.43877410888672,
   "extrusion_masses_g": [ 14.43877410888672 ],
   "grue_version": "5.33.0",
   "material": "pla",
   "materials": [ "pla" ],
   "miracle_config": 
   {
      "_bot": "replicator_b",
      "_extruders": [ "mk13" ],
      "_materials": [ "pla" ],
      "build_plane_temperature": null,
      "chamber_temperature": null,
      "configPath": "C:\\Users\\Nitin\\AppData\\Local\\Temp\\tmp-13772q8ZQe4Q4crGp\\config.json",
      "doRaft": true,
      "gaggles": 
      {
         "default": 
         {
            "adjacentFillLeakyConnections": true,
            "adjacentFillLeakyDistanceRatio": 1.40,
            "areaToTaperSupportsIn": 9223372036854776000,
            "areaToTaperSupportsOut": 0,
            "backlashEpsilon": 0.050,
            "backlashFeedback": 0.90,
            "backlashX": 0,
            "backlashY": 0.090,
            "baseLayerHeight": 0.20,
            "bedZOffset": 0,
            "bridgeAnchorMinimumLength": 0.80,
            "bridgeAnchorWidth": 0.80,
            "bridgeMaximumLength": 80,
            "brimsBaseWidth": 2.50,
            "brimsModelOffset": 0,
            "brimsOverlapWidth": 1.50,
            "coarseness": 0.00010,
            "convertSparsePulseValue": 0,
            "defaultExtruder": 0,
            "defaultSupportMaterial": 0,
            "doBacklashCompensation": false,
            "doBreakawaySupport": false,
            "doBridging": true,
            "doBrims": false,
            "doExponentialDeceleration": true,
            "doExternalSpurs": true,
            "doFanCommand": true,
            "doFanModulation": true,
            "doFixedLayerStart": true,
            "doFixedShellStart": true,
            "doInternalSpurs": false,
            "doMinfill": false,
            "doMixedRaft": false,
            "doMixedSupport": false,
            "doPaddedBase": false,
            "doPurgeEarlyEnd": true,
            "doPurgeWall": false,
            "doRaft": true,
            "doRateLimit": true,
            "doSmartZipper": false,
            "doSplitLongMoves": false,
            "doSupport": false,
            "doSupportEdgeFollow": false,
            "doSupportUnderBridges": false,
            "doZHopAndRetractCombo": false,
            "exponentialDecelerationMinSpeed": 0,
            "exponentialDecelerationRatio": 0.3750,
            "exponentialDecelerationSegmentCount": 10,
            "extruderProfiles": 
            [
               
               {
                  "extrusionProfiles": 
                  {
                     "base_layer_surface": 
                     {
                        "fanSpeed": 1,
                        "feedrate": 30
                     },
                     "bridges": 
                     {
                        "fanSpeed": 0.950,
                        "feedrate": 40
                     },
                     "brims": 
                     {
                        "fanSpeed": 0.50,
                        "feedrate": 10
                     },
                     "floor_surface": 
                     {
                        "fanSpeed": 0.50,
                        "feedrate": 90
                     },
                     "halfVolumeInfill": 
                     {
                        "extrusionVolumeMultiplier": 0.50,
                        "fanSpeed": 0.50,
                        "feedrate": 110
                     },
                     "insets": 
                     {
                        "fanSpeed": 0.950,
                        "feedrate": 90
                     },
                     "low_speed_shells": 
                     {
                        "fanSpeed": 0.50,
                        "feedrate": 30
                     },
                     "minfillSparse": 
                     {
                        "extrusionVolumeMultiplier": 1.20,
                        "feedrate": 110,
                        "oozePathExtensionDistance": 0.750
                     },
                     "outlines": 
                     {
                        "fanSpeed": 0.950,
                        "feedrate": 40
                     },
                     "purge": 
                     {
                        "fanSpeed": 0.50,
                        "feedrate": 100
                     },
                     "raft_base": 
                     {
                        "fanSpeed": 0.50,
                        "feedrate": 10
                     },
                     "raft_interface": 
                     {
                        "fanSpeed": 0.950,
                        "feedrate": 90
                     },
                     "raft_surface": 
                     {
                        "fanSpeed": 0.950,
                        "feedrate": 90
                     },
                     "roof_surface": 
                     {
                        "fanSpeed": 0.50,
                        "feedrate": 90
                     },
                     "solid": 
                     {
                        "fanSpeed": 0.50,
                        "feedrate": 90
                     },
                     "sparse": 
                     {
                        "fanSpeed": 0.50,
                        "feedrate": 90
                     },
                     "sparseRoofSurfaceFills": 
                     {
                        "fanSpeed": 0.50,
                        "feedrate": 90
                     },
                     "spurs": 
                     {
                        "fanSpeed": 0.50,
                        "feedrate": 40
                     },
                     "support_floor_surface": 
                     {
                        "fanSpeed": 0.50,
                        "feedrate": 10
                     },
                     "support_roof_surface": 
                     {
                        "fanSpeed": 0.50,
                        "feedrate": 90
                     },
                     "support_solid": 
                     {
                        "fanSpeed": 0.50,
                        "feedrate": 90
                     },
                     "support_sparse": 
                     {
                        "fanSpeed": 0.50,
                        "feedrate": 90
                     }
                  },
                  "extrusionVolumeMultiplier": 1,
                  "feedDiameter": 1.770,
                  "idleTemperature": 215,
                  "nozzleDiameter": 0.40,
                  "oozeFeedstockDistance": 0.10,
                  "preOozeFeedstockDistance": 0.10,
                  "restartExtraDistance": 0.10,
                  "restartRate": 30,
                  "retractDistance": 0.50,
                  "retractRate": 50,
                  "temperature": 215,
                  "toolchangeRestartDistance": 0,
                  "toolchangeRestartRate": 0,
                  "toolchangeRetractDistance": 0,
                  "toolchangeRetractRate": 0
               }
            ],
            "fanLayer": 1,
            "fanModulationThreshold": 0.50,
            "fanModulationWindow": 0.10,
            "fanSpeed": 0.950,
            "fixedLayerStartX": 0,
            "fixedLayerStartY": 0,
            "fixedShellStartDirection": 215,
            "floorSolidThickness": 0,
            "floorSurfaceThickness": 0.80,
            "floorThickness": 0.80,
            "horizontalInset": 0,
            "layerHeight": 0.20,
            "leakyConnectionsAdjacentDistance": 0.80,
            "leakyTravelSpeedXY": 50,
            "lowSpeedShellMin": 20,
            "maxConnectionLength": 10,
            "maxSpurWidth": 0.50,
            "minLayerDuration": 5,
            "minRaftBaseGap": 10,
            "minSparseRegionArea": 0.10,
            "minSpeedMultiplier": 0.30,
            "minSpurLength": 0.340,
            "minSpurWidth": 0.120,
            "minThickInfillImprovement": 1,
            "minimumMoveDistance": 0.010,
            "modelFillProfiles": 
            {
               "base_layer_surface": 
               {
                  "density": 1,
                  "extrusionProfile": "base_layer_surface",
                  "extrusionWidth": 0.50,
                  "linearFillGroupDensity": 1,
                  "linearFillGroupSize": 1,
                  "minPathLength": 0,
                  "orientationInterval": 90,
                  "orientationOffset": 0,
                  "orientationRange": 360,
                  "pattern": "linear"
               },
               "bridge": 
               {
                  "density": 1,
                  "extrusionProfile": "bridges",
                  "extrusionWidth": 0.40,
                  "minPathLength": 0,
                  "orientationInterval": 0,
                  "orientationOffset": 0,
                  "orientationRange": 360,
                  "pattern": "bridge_fill"
               },
               "floor_surface": 
               {
                  "density": 1,
                  "extrusionProfile": "floor_surface",
                  "extrusionWidth": 0.40,
                  "minPathLength": 0.10,
                  "orientationInterval": 90,
                  "orientationOffset": 0,
                  "orientationRange": 360,
                  "pattern": "linear"
               },
               "rafted_floor": 
               {
                  "density": 1,
                  "extrusionProfile": "rafted_floor",
                  "extrusionWidth": 0.40,
                  "minPathLength": 0,
                  "orientationInterval": 0,
                  "orientationOffset": 0,
                  "orientationRange": 360,
                  "pattern": "linear"
               },
               "roof_surface": 
               {
                  "density": 1,
                  "extrusionProfile": "roof_surface",
                  "extrusionWidth": 0.40,
                  "minPathLength": 0.10,
                  "orientationInterval": 90,
                  "orientationOffset": 0,
                  "orientationRange": 360,
                  "pattern": "linear"
               },
               "solid": 
               {
                  "considerFillPathWidth": true,
                  "density": 1,
                  "extrusionProfile": "solid",
                  "extrusionWidth": 0.40,
                  "minPathLength": 1,
                  "orientationInterval": 90,
                  "orientationOffset": 0,
                  "orientationRange": 360,
                  "pattern": "linear"
               },
               "sparse": 
               {
                  "density": 0.10,
                  "diamondFillTurnDistance": 0.40,
                  "diamondFillZigZagOverlap": 0.250,
                  "extrusionProfile": "sparse",
                  "extrusionWidth": 0.40,
                  "maxThickness": 0.40,
                  "minPathLength": 1.40,
                  "orientationInterval": 1,
                  "orientationOffset": 0,
                  "orientationRange": 2,
                  "pattern": "diamond (fast)"
               },
               "supported_floor": 
               {
                  "density": 1,
                  "extrusionProfile": "rafted_floor",
                  "extrusionWidth": 0.40,
                  "minPathLength": 0,
                  "orientationInterval": 0,
                  "orientationOffset": 0,
                  "orientationRange": 360,
                  "pattern": "linear"
               }
            },
            "modelShellProfiles": 
            {
               "base_layer_surface": 
               {
                  "doInternalSpurs": false,
                  "extrusionWidth": 0.50,
                  "firstShellOffset": 0.50,
                  "infillShellSpacingMultiplier": 0.70,
                  "innerExtrusionProfile": "raft_base",
                  "insetDistanceMultiplier": 1,
                  "numberOfShells": 1,
                  "outerExtrusionProfile": "raft_base"
               },
               "extent": 
               {
                  "doInternalSpurs": false,
                  "extrusionWidth": 0.40,
                  "firstShellOffset": 0.50,
                  "infillShellSpacingMultiplier": 0.550,
                  "innerExtrusionProfile": "insets",
                  "insetDistanceMultiplier": 1,
                  "numberOfShells": 2,
                  "outerExtrusionProfile": "outlines"
               },
               "floor_surface": 
               {
                  "doInternalSpurs": false,
                  "extrusionWidth": 0.40,
                  "firstShellOffset": 0.50,
                  "infillShellSpacingMultiplier": 0,
                  "innerExtrusionProfile": "insets",
                  "insetDistanceMultiplier": 1,
                  "numberOfShells": 0,
                  "outerExtrusionProfile": "outlines"
               },
               "roof_surface": 
               {
                  "doInternalSpurs": false,
                  "extrusionWidth": 0.40,
                  "firstShellOffset": 0.50,
                  "infillShellSpacingMultiplier": 0,
                  "innerExtrusionProfile": "insets",
                  "insetDistanceMultiplier": 1,
                  "numberOfShells": 0,
                  "outerExtrusionProfile": "outlines"
               },
               "solid": 
               {
                  "doInternalSpurs": false,
                  "extrusionWidth": 0.40,
                  "firstShellOffset": 0.50,
                  "infillShellSpacingMultiplier": 0,
                  "innerExtrusionProfile": "insets",
                  "insetDistanceMultiplier": 1,
                  "numberOfShells": 0,
                  "outerExtrusionProfile": "outlines"
               },
               "sparse": 
               {
                  "doInternalSpurs": false,
                  "extrusionWidth": 0.40,
                  "firstShellOffset": 0.50,
                  "infillShellSpacingMultiplier": 0,
                  "innerExtrusionProfile": "insets",
                  "insetDistanceMultiplier": 1,
                  "numberOfShells": 0,
                  "outerExtrusionProfile": "outlines"
               }
            },
            "numberOfBrims": 5,
            "numberOfInternalBrims": 5,
            "paddedBaseOutlineOffset": -0.50,
            "pauseHeights": [],
            "purgeWallBaseFilamentWidth": 2,
            "purgeWallWidth": 1,
            "raftBaseInfillShellSpacingMultiplier": 0,
            "raftBrimsSpacing": 1,
            "raftExtraOffset": 0,
            "raftFillProfiles": 
            {
               "base": 
               {
                  "considerFillPathWidth": true,
                  "density": 0.20,
                  "extrusionProfile": "raft_base",
                  "extrusionWidth": 0.40,
                  "linearFillGroupDensity": 2.20,
                  "linearFillGroupSize": 3,
                  "minPathLength": 0,
                  "orientationInterval": 0,
                  "orientationOffset": 0,
                  "orientationRange": 180,
                  "pattern": "linear"
               },
               "interface": 
               {
                  "density": 0.50,
                  "extrusionProfile": "raft_interface",
                  "extrusionWidth": 0.40,
                  "minPathLength": 0,
                  "orientationInterval": 90,
                  "orientationOffset": 45,
                  "orientationRange": 360,
                  "pattern": "linear"
               },
               "purge_base": 
               {
                  "density": 0.50,
                  "extrusionProfile": "raft_base",
                  "extrusionWidth": 0.40,
                  "minPathLength": 0,
                  "orientationInterval": 0,
                  "orientationOffset": 45,
                  "orientationRange": 360,
                  "pattern": "linear"
               },
               "surface": 
               {
                  "density": 0.850,
                  "extrusionProfile": "raft_surface",
                  "extrusionWidth": 0.40,
                  "minPathLength": 0,
                  "orientationInterval": 90,
                  "orientationOffset": 0,
                  "orientationRange": 90,
                  "pattern": "local_no_warp"
               }
            },
            "raftFirstSurfaceZOffset": -0.030,
            "raftInterfaceShells": 0,
            "raftModelShellsSpacing": 0.260,
            "raftModelSpacing": 0.330,
            "raftProfiles": 
            {
               "base": 
               {
                  "ZOffset": 0,
                  "extruderID": 0,
                  "firstSurfaceZOffset": 0,
                  "layerThickness": 0.30,
                  "layerWidth": 2.50,
                  "numberOfLayers": 1,
                  "outsetFromModelEdge": 4
               },
               "interface": 
               {
                  "ZOffset": -0.140,
                  "extruderID": 0,
                  "firstSurfaceZOffset": 0,
                  "layerThickness": 0.270,
                  "layerWidth": 0.40,
                  "numberOfLayers": 2,
                  "outsetFromModelEdge": 0
               },
               "purge_base": 
               {
                  "ZOffset": 0,
                  "extruderID": 0,
                  "firstSurfaceZOffset": 0,
                  "layerThickness": 0.40,
                  "layerWidth": 1.40,
                  "numberOfLayers": 2,
                  "outsetFromModelEdge": 1
               },
               "surface": 
               {
                  "ZOffset": -0.030,
                  "extruderID": 0,
                  "firstSurfaceZOffset": 0,
                  "layerThickness": 0.270,
                  "layerWidth": 0.40,
                  "numberOfLayers": 2,
                  "outsetFromModelEdge": 4
               }
            },
            "raftShellProfiles": 
            {
               "base": 
               {
                  "doExternalSpurs": true,
                  "doInternalSpurs": false,
                  "extrusionWidth": 0.50,
                  "firstShellOffset": 0.50,
                  "infillShellSpacingMultiplier": 0.10,
                  "innerExtrusionProfile": "raft_base",
                  "insetDistanceMultiplier": 0.40,
                  "numberOfShells": 3,
                  "outerExtrusionProfile": "raft_base"
               },
               "interface": 
               {
                  "doExternalSpurs": true,
                  "doInternalSpurs": false,
                  "extrusionWidth": 0.40,
                  "firstShellOffset": 0.50,
                  "infillShellSpacingMultiplier": 0.550,
                  "innerExtrusionProfile": "insets",
                  "insetDistanceMultiplier": 0.450,
                  "numberOfShells": 2,
                  "outerExtrusionProfile": "outlines"
               },
               "purge_base": 
               {
                  "doExternalSpurs": true,
                  "doInternalSpurs": false,
                  "extrusionWidth": 0.60,
                  "firstShellOffset": 0.50,
                  "infillShellSpacingMultiplier": 0,
                  "innerExtrusionProfile": "insets",
                  "insetDistanceMultiplier": 1,
                  "numberOfShells": 0,
                  "outerExtrusionProfile": "outlines"
               },
               "surface": 
               {
                  "doExternalSpurs": true,
                  "doInternalSpurs": false,
                  "extrusionWidth": 0.50,
                  "firstShellOffset": 0.50,
                  "infillShellSpacingMultiplier": 0.70,
                  "innerExtrusionProfile": "raft_base",
                  "insetDistanceMultiplier": 0.80,
                  "numberOfShells": 2,
                  "outerExtrusionProfile": "raft_base"
               }
            },
            "raftedFloorThickness": 0,
            "rateLimitBufferSize": 100,
            "rateLimitMinSpeed": 10,
            "rateLimitSpeedRatio": 0.30,
            "rateLimitSplitBias": 0,
            "rateLimitSplitMoveDistance": 0.750,
            "rateLimitSplitRecursionDepth": 8,
            "rateLimitTransmissionRate": 150,
            "roofAnchorMargin": 0.40,
            "roofSolidThickness": 0,
            "roofSurfaceThickness": 0.80,
            "roofThickness": 0.80,
            "shellsLeakyConnections": true,
            "splitMinimumDistance": 0.40,
            "startPosition": 
            {
               "x": -150,
               "y": -100,
               "z": 0.20
            },
            "supportAngle": 68,
            "supportExtraDistance": 0.50,
            "supportFillProfiles": 
            {
               "base_layer_surface": 
               {
                  "considerFillPathWidth": true,
                  "consistentOrder": false,
                  "density": 0.20,
                  "extrusionProfile": "support_sparse",
                  "extrusionWidth": 0.40,
                  "minPathLength": 0.40,
                  "orientationInterval": 0,
                  "orientationOffset": 0,
                  "orientationRange": 360,
                  "pattern": "linear"
               },
               "floor_surface": 
               {
                  "considerFillPathWidth": true,
                  "density": 0.990,
                  "extrusionProfile": "support_floor_surface",
                  "extrusionWidth": 0.50,
                  "minPathLength": 0.10,
                  "orientationInterval": 90,
                  "orientationOffset": 0,
                  "orientationRange": 360,
                  "pattern": "linear"
               },
               "roof_surface": 
               {
                  "considerFillPathWidth": true,
                  "density": 0.950,
                  "extrusionProfile": "support_roof_surface",
                  "extrusionWidth": 0.40,
                  "minPathLength": 0.10,
                  "orientationInterval": 0,
                  "orientationOffset": 0,
                  "orientationRange": 360,
                  "pattern": "linear"
               },
               "solid": 
               {
                  "considerFillPathWidth": true,
                  "density": 0.50,
                  "extrusionProfile": "support_solid",
                  "extrusionWidth": 0.40,
                  "minPathLength": 0.10,
                  "orientationInterval": 0,
                  "orientationOffset": 90,
                  "orientationRange": 360,
                  "pattern": "linear"
               },
               "sparse": 
               {
                  "considerFillPathWidth": true,
                  "consistentOrder": false,
                  "density": 0.20,
                  "extrusionProfile": "support_sparse",
                  "extrusionWidth": 0.40,
                  "minPathLength": 0.40,
                  "orientationInterval": 0,
                  "orientationOffset": 0,
                  "orientationRange": 360,
                  "pattern": "linear"
               }
            },
            "supportInteriorExtruder": 0,
            "supportLayerHeight": 0.20,
            "supportLeakyConnections": true,
            "supportMinMorphArea": 0,
            "supportModelSpacing": 0.40,
            "supportMorphAngle": 69.20,
            "supportRoofModelSpacing": 0.40,
            "supportShellProfiles": 
            {
               "base_layer_surface": 
               {
                  "doInternalSpurs": false,
                  "extrusionWidth": 0.50,
                  "firstShellOffset": 0.50,
                  "infillShellSpacingMultiplier": 0.50,
                  "innerExtrusionProfile": "support_floor_surface",
                  "insetDistanceMultiplier": 0,
                  "numberOfShells": 1,
                  "outerExtrusionProfile": "support_floor_surface"
               },
               "body": 
               {
                  "doInternalSpurs": false,
                  "extrusionWidth": 0.40,
                  "firstShellOffset": 0.50,
                  "infillShellSpacingMultiplier": 0,
                  "innerExtrusionProfile": "insets",
                  "insetDistanceMultiplier": 1,
                  "numberOfShells": 0,
                  "outerExtrusionProfile": "outlines"
               },
               "extent": 
               {
                  "doInternalSpurs": false,
                  "extrusionWidth": 0.40,
                  "firstShellOffset": 0.50,
                  "infillShellSpacingMultiplier": 1,
                  "innerExtrusionProfile": "insets",
                  "insetDistanceMultiplier": 1,
                  "numberOfShells": 0,
                  "outerExtrusionProfile": "outlines"
               },
               "floor_surface": 
               {
                  "doInternalSpurs": false,
                  "extrusionWidth": 0.40,
                  "firstShellOffset": 0.50,
                  "infillShellSpacingMultiplier": 0,
                  "innerExtrusionProfile": "support_floor_surface",
                  "insetDistanceMultiplier": 1,
                  "numberOfShells": 0,
                  "outerExtrusionProfile": "support_floor_surface"
               },
               "roof_surface": 
               {
                  "doInternalSpurs": false,
                  "extrusionWidth": 0.40,
                  "firstShellOffset": 0.50,
                  "infillShellSpacingMultiplier": 0.70,
                  "innerExtrusionProfile": "support_roof_surface",
                  "insetDistanceMultiplier": 1,
                  "numberOfShells": 0,
                  "outerExtrusionProfile": "support_roof_surface"
               },
               "solid": 
               {
                  "doInternalSpurs": false,
                  "extrusionWidth": 0.40,
                  "firstShellOffset": 0.50,
                  "infillShellSpacingMultiplier": 0,
                  "innerExtrusionProfile": "insets",
                  "insetDistanceMultiplier": 1,
                  "numberOfShells": 0,
                  "outerExtrusionProfile": "outlines"
               },
               "sparse": 
               {
                  "doInternalSpurs": false,
                  "extrusionWidth": 0.40,
                  "firstShellOffset": 0.50,
                  "infillShellSpacingMultiplier": 0,
                  "innerExtrusionProfile": "insets",
                  "insetDistanceMultiplier": 1,
                  "numberOfShells": 0,
                  "outerExtrusionProfile": "outlines"
               }
            },
            "supportSolidExpansionOutset": 0,
            "supportTaperAngle": 83,
            "supportedFloorThickness": 0,
            "travelSpeedXY": 150,
            "travelSpeedZ": 23,
            "useRelativeExtruderPositions": false,
            "xScale": 1,
            "yScale": 1,
            "zScale": 1
         }
      },
      "jsonProgress": true,
      "jsonToolpathOutput": false,
      "memoryThreshold": 4096,
      "metadataOutput": false,
      "preferences": 
      {
         "bounding_box": null,
         "overrides": {},
         "print_mode": "balanced"
      },
      "version": "1.2.0"
   },
   "model_counts": 
   [
      
      {
         "count": 1,
         "name": "default"
      }
   ],
   "num_z_layers": 131,
   "num_z_transitions": 131,
   "platform_temperature": 0,
   "preferences": 
   {
      "bounding_box": null,
      "overrides": {},
      "print_mode": "balanced"
   },
   "tool_type": "mk13",
   "tool_types": [ "mk13" ],
   "total_commands": 24755,
   "uuid": "ace1b785-7f2a-4671-9665-2aeaa85cc537",
   "version": "1.2.0"
}
